region_nr,nr_of_dwellings
0,166.6666667
1,3076.923077
2,5714.285714
