REGION_NR,ED_ELEC_APPLIANCES,GAS_HEATING
0,4052.476254,13222.34211
1,7159.37466,23359.47089
2,71593.7466,233594.7089
